lat,lon
-32.2772638888889,-154.814630555556
-32.1767583333333,-154.342897222222
-32.6838361111111,-156.060188888889
-32.614225,-155.620611111111
-32.9277666666667,-155.649355555556
-33.2370055555556,-155.577480555556
-32.9066361111111,-155.365169444444
-32.8737861111111,-155.366311111111
-30.8337388888889,-154.33645
-33.6681083333333,-155.053380555556
-33.4268583333333,-155.458677777778
-33.4334388888889,-155.294047222222
-33.273075,-157.280586111111
-33.252075,-157.163275
-33.5558166666667,-156.357319444444
-33.5706,-156.306533333333
-33.3191388888889,-156.036311111111
-33.3212916666667,-156.061266666667
-33.2478138888889,-156.094958333333
-33.2178111111111,-156.510438888889
-33.2092666666667,-156.489322222222
-33.1401361111111,-158.120863888889
-33.1043166666667,-158.162002777778
-32.8526194444444,-158.273644444444
-32.869325,-158.2161
-32.3013083333333,-158.387694444444
-32.4239444444444,-158.319569444444
-32.9711222222222,-152.623413888889
-33.2430527777778,-154.817997222222
-33.2463194444444,-154.796069444444
-30.8388111111111,-154.337588888889
-32.7479611111111,-154.856802777778
-32.7632722222222,-154.853625
-32.3299138888889,-155.386769444444
-31.8907055555556,-154.483875
-32.0005722222222,-154.395736111111
-32.2317888888889,-154.885694444444
-32.8135861111111,-156.256497222222
-33.1482805555556,-155.646372222222
-33.1423944444444,-154.578955555556
-33.2724111111111,-155.438822222222
-33.2129722222222,-155.387280555556
-33.1082277777778,-155.4468
-32.3083166666667,-154.637713888889
-33.1120111111111,-154.946880555556
-32.7834638888889,-153.888233333333
-32.970825,-152.617447222222
-33.6286666666667,-153.293875
-34.3135888888889,-153.902294444444
-35.207575,-152.050722222222
-36.0931111111111,-153.498291666667
-34.9200972222222,-154.287436111111
-34.0645444444444,-154.684469444444
-34.1960444444444,-155.127186111111
-33.7796166666667,-155.512955555556
-33.33505,-155.011908333333
-33.5179861111111,-155.519480555556
-33.8162694444444,-156.396083333333
-34.2334888888889,-155.774658333333
-34.2968416666667,-156.488225
-34.3146027777778,-156.577675
-34.6926861111111,-156.052961111111
-34.711,-155.897188888889
-35.52005,-157.099897222222
-33.451125,-158.094252777778
-33.3205305555556,-158.001597222222
-33.3652083333333,-157.831283333333
-33.43905,-157.456936111111
-33.4651805555556,-157.431847222222
-33.4742944444444,-157.184369444444
-33.4792472222222,-156.938105555556
-33.3445333333333,-157.002627777778
-33.3294111111111,-157.338011111111
-33.3158555555556,-157.313538888889
-33.2371277777778,-157.224852777778
-33.2335833333333,-156.425747222222
-33.0990777777778,-156.494475
-33.1071944444444,-156.551955555556
-33.0416055555556,-156.313938888889
-32.9890888888889,-156.342897222222
-32.9532388888889,-157.672888888889
-32.9138416666667,-157.720061111111
-33.016975,-158.252419444444
-32.8516972222222,-158.202025
-32.8265361111111,-158.195722222222
-32.7984111111111,-158.217322222222
-32.7322888888889,-158.345888888889
-32.7691527777778,-158.206397222222
-32.6769722222222,-158.210683333333
-32.6598194444444,-158.230358333333
-32.5206888888889,-158.135222222222
-32.5690555555556,-158.182961111111
-32.6063833333333,-158.146186111111
-32.3065277777778,-158.470061111111
-32.4600777777778,-158.267611111111
-32.5700083333333,-158.276044444444
-35.9652861111111,-153.494491666667
-35.8821666666667,-152.969280555556
-35.7903083333333,-152.098036111111
-34.7834777777778,-152.419430555556
-32.7858666666667,-153.875619444444
-33.8821555555556,-154.240463888889
-31.650575,-154.522586111111
-31.4926361111111,-154.001427777778
-32.3337916666667,-155.551127777778
-33.1102166666667,-155.442830555556
-32.0824194444444,-154.882772222222
-33.59505,-153.208091666667
-33.9683611111111,-152.991219444444
-34.31955,-154.062958333333
-34.7920638888889,-152.992225
-36.8367944444444,-154.850875
-37.0510722222222,-155.606736111111
-35.7407111111111,-155.362647222222
-35.1728027777778,-154.663175
-34.5686416666667,-155.204172222222
-34.50805,-154.987105555556
-34.2866361111111,-154.749272222222
-33.9929416666667,-155.184633333333