lat,lon
-32.1767583333333,-154.342897222222
-32.614225,-155.620611111111
-33.2724111111111,-155.438822222222
-32.9066361111111,-155.365169444444
-32.8737861111111,-155.366311111111
-33.5179861111111,-155.519480555556
-32.4338944444444,-158.416002777778
-32.4312833333333,-158.319569444444
-35.8737722222222,-152.969280555556
-33.33505,-155.011908333333
-33.5558166666667,-156.357319444444
-33.5706,-156.306533333333
-33.1102166666667,-155.442830555556